ip4	ip6
116.203.29.242	2a01:4f8:c2c:133b::1
208.81.1.105	2605:e200:d202:300:20c:29ff:fef1:85ec
85.10.192.158	2a01:4f8:a0:64f6::2
98.111.246.120	2001:470:1f07:803:20c:29ff:fe2d:5879
46.105.101.28	2001:41d0:2:d41c::1
212.47.247.105	2001:bc8:47a0:1c23::1
66.240.237.172	2002:42f0:ed9b::42f0:ed9b
66.240.237.172	2002:42f0:edac::42f0:edac
89.28.117.31	2001:470:1f1a:172::2
144.76.98.163	2a01:4f8:192:33a2::2
5.9.142.41	2a01:4f8:190:2126::2
176.9.112.164	2a01:4f8:151:62c1::2
5.9.67.151	2a01:4f8:161:728a::2
95.216.41.228	2a01:4f9:2a:201b::2
103.99.168.130	2401:b140::44:130
135.181.41.129	2a01:4f9:c010:b940::1
5.9.54.133	2a01:4f8:161:50a6::2
93.190.140.14	2002:5dbe:8c0e::5dbe:8c0e
84.22.114.15	2a02:2770:17:0:21a:4aff:fe7b:175f
151.236.34.161	2a02:af8:fab0:804:151:236:34:161
95.179.188.215	2001:19f0:5001:2eea:5400:2ff:fe2f:dac3
176.9.28.202	2a01:4f8:150:3096::2
95.217.59.181	2a01:4f9:4a:13a5::2
176.9.38.164	2a01:4f8:150:44af::2
207.251.84.210	2001:458:20:100::6
5.9.48.243	2a01:4f8:161:40f3::2
149.202.192.164	2001:41d0:1000:a4::
176.9.28.155	2a01:4f8:150:3096::2
168.119.0.182	2a01:4f8:242:4b89::2
91.121.86.38	2001:41d0:1:8b26::1
138.68.92.248	2a03:b0c0:3:d0::41d:b001
176.9.47.132	2a01:4f8:150:6385::2
178.33.228.210	2001:41d0:8:25d2::
174.95.0.121	2a0b:dbc1:2:8194:62:6974:636f:696e
5.9.86.83	2a01:4f8:162:10ae::2
144.217.65.241	2607:5300:60:cff1::
144.76.19.35	2a01:4f8:191:1122::2
195.201.164.162	2a01:4f8:13a:cdd::2
51.210.98.10	2001:41d0:303:d80a::
185.78.209.27	2a05:6d40:b94e:d100:225:90ff:fe0d:cfc2
85.214.123.127	2a01:238:4380:1400:ac93:d34b:7f20:ea18
148.251.44.3	2a01:4f8:201:9402::2
37.187.100.150	2001:41d0:a:2496::1
88.198.33.241	2a01:4f8:a0:3043::2
176.9.22.148	2a01:4f8:150:2088::2
148.251.186.36	2a01:4f8:211:79f::2
95.217.200.31	2a01:4f9:4a:4320::2
37.61.219.34	2a01:7a0:2:1511:ae1f:6bff:fe20:4c74
209.177.86.19	2002:d1b1:5615::d1b1:5615
209.141.54.72	2605:6400:20:13bf:df1d:181c:83bb:22e8
144.76.29.232	2a01:4f8:191:20e7::2
144.76.1.20	2a01:4f8:190:7113::2
157.90.21.130	2a01:4f8:c2c:cfa4::1
148.251.81.51	2a01:4f8:202:5118::2
94.23.214.15	2001:41d0:2:590f::1
88.198.52.78	2a01:4f8:222:351::2
35.179.76.180	2a05:d01c:41e:1603:5027:1431:472c:3e3c
136.243.102.80	2a01:4f8:171:b4f::2
94.237.80.207	2a04:3542:1000:910:8492:b8ff:fe91:4a2c
110.173.59.42	2002:6ead:3b2a::6ead:3b2a
172.104.135.188	2a01:7e01::f03c:92ff:fea7:e78b
149.202.195.106	2001:41d0:1000:36a::
46.105.117.212	2001:41d0:2:e4d4::
78.47.27.178	2a01:4f8:c010:2739::1
144.76.19.195	2a01:4f8:191:11c2::2
95.217.114.36	2a01:4f9:4a:2f9b::2
94.130.11.6	2a01:4f8:10b:f44::2
5.135.154.68	2001:41d0:8:d444::1
176.9.30.46	2a01:4f8:150:3219::2
91.121.210.168	2001:41d0:1:ffa8::1
51.254.199.134	2001:41d0:1008:b86::
66.70.135.248	2607:5300:60:7aa2::
5.9.59.178	2a01:4f8:161:60a7::2
148.251.70.148	2a01:4f8:202:3493::2
137.74.0.3	2001:41d0:604:3::
5.196.81.99	2001:41d0:a:7263::
5.135.189.124	2001:41d0:8:c67c::
85.10.203.112	2a01:4f8:a0:50c2::2
176.9.60.201	2a01:4f8:150:93c7::2
5.9.52.19	2a01:4f8:161:440b::2
131.188.40.191	2001:638:a000:4140::ffff:191
148.251.84.22	2a01:4f8:202:5409::2
176.9.32.126	2a01:4f8:150:3461::2
91.168.145.151	2a01:e0a:224:65c0:f80b:401e:3cf5:df9a
116.202.85.108	2a01:4f8:231:3e53::2
176.9.66.39	2a01:4f8:150:8417::2
96.9.209.210	2610:150:8000:db::3d:5789
85.214.143.87	2a01:238:42bd:bb00:f2f6:2ab7:f537:47a1
46.226.111.23	2001:4b98:dc2:41:216:3eff:fe18:65b2
161.53.201.185	2a0b:dbc1:2:8194:62:6974:636f:696e
148.251.83.196	2a01:4f8:202:53c3::2
85.215.92.224	2a01:238:4265:f500:3ddf:1b05:2e75:cb00
5.9.115.210	2a01:4f8:162:60cd::2
51.77.53.133	2001:41d0:602:2785::
46.4.18.160	2a01:4f8:221:39c1::2
88.198.37.38	2a01:4f8:a0:23fe::2
138.68.20.137	2604:a880:2:d0::2ee:6001
149.202.83.78	2001:41d0:1004:74e::
37.187.96.95	2001:41d0:a:205f::1
192.99.14.159	2607:5300:60:3f9f::
144.76.35.102	2a01:4f8:191:3165::2
88.198.24.247	2a01:4f8:222:2cd5::2
148.251.40.218	2a01:4f8:201:9082::2
68.38.190.34	2601:807:8000:9508:d53e:9d49:3359:445d
88.198.44.44	2a01:4f8:a0:10bb::2
185.113.129.154	2a03:9da0:f6:1::2
51.91.66.183	2001:41d0:303:c3b7::
144.76.82.165	2a01:4f8:192:4a4::2
5.9.20.212	2a01:4f8:160:94c7::2
93.190.142.127	2a00:7c80:0:71::8
94.237.125.30	2a04:3544:1000:1510:706c:abff:fe6c:501c
37.205.8.78	2a01:430:17:1::ffff:1153
54.37.253.178	2001:41d0:303:59b2::
185.25.48.148	2a04:2180:1:7::7
5.9.82.50	2a01:4f8:161:94ec::2
148.251.68.199	2a01:4f8:202:32c6::2
5.9.111.84	2a01:4f8:162:5247::2
71.38.90.235	2a0b:dbc1:2:8194:62:6974:636f:696e
195.123.245.175	2a0a:8c41::b4
167.114.173.119	2607:5300:60:7477::
62.77.152.150	2a02:7b40:3e4d:9896::1
176.9.140.241	2a01:4f8:160:14dd::2
176.9.121.98	2a01:4f8:151:8041::2
176.9.125.173	2a01:4f8:151:84a1::2
78.46.254.164	2a01:4f8:150:23c7::102
144.76.45.132	2a01:4f8:191:5109::2
139.99.125.188	2402:1f00:8000:1bc::
5.189.187.89	2a02:c207:0:3829::1
195.201.171.162	2a01:4f8:13a:13db::2
5.39.90.110	2001:41d0:8:9c6e::1
5.9.120.188	2a01:4f8:162:70b6::2
178.63.65.15	2a01:4f8:121:2f8::2
144.76.164.43	2a01:4f8:200:402a::2
95.216.5.31	2a01:4f9:2a:560::2
144.76.37.126	2a01:4f8:191:3349::2
116.203.249.151	2a01:4f8:c010:113f::1
213.239.214.167	2a01:4f8:a0:81bb::2
5.135.181.92	2001:41d0:8:bc5c::1
144.76.82.166	2a01:4f8:192:4a5::2
144.76.61.238	2a01:4f8:191:70ed::2
185.25.48.114	2a04:2180:1:7::7
144.76.15.232	2a01:4f8:191:2e7::2
135.181.16.238	2a01:4f9:4b:5511::2
185.62.56.101	2a00:7b80:452:4000::101
176.9.156.51	2a01:4f8:160:4224::2
5.9.123.178	2a01:4f8:162:7381::2
45.142.176.172	2a03:4000:4a:d50:c8c6:f1ff:feb2:8fb9
178.63.18.3	2a01:4f8:110:536e::2
144.76.136.174	2a01:4f8:200:10ac::2
5.135.183.211	2001:41d0:8:bed3::
144.76.185.71	2a01:4f8:200:6346::2
148.251.155.70	2a01:4f8:210:5445::2
5.9.67.183	2a01:4f8:161:72b1::2
144.76.2.87	2a01:4f8:190:7256::2
46.105.117.90	2001:41d0:2:e45a::
94.130.10.158	2a01:4f8:10b:ee1::2
95.216.0.251	2a01:4f9:2a:104::2
5.9.6.170	2a01:4f8:160:722b::2
158.69.227.12	2607:5300:60:980c::
5.9.83.205	2a01:4f8:162:307::2
162.209.88.174	2001:4801:7821:77:be76:4eff:fe10:c7f6
76.85.128.198	2603:80a0:703:40f8::38
95.216.36.232	2a01:4f9:2a:2517::2
129.13.189.208	2a00:1398:4:2a03::14
178.63.16.7	2a01:4f8:110:5243::2
194.180.110.10	2a0f:2a80::10
78.46.22.102	2a01:4f8:201:232f::2
185.233.105.172	2a03:4000:24:569:c8c5:c4ff:fe37:7cb
5.45.96.170	2a03:4000:5:3ea:580b:bcff:feca:51cb
138.201.33.156	2a01:4f8:171:351b::2
213.239.214.66	2a01:4f8:a0:839a::2
176.9.82.73	2a01:4f8:151:2054::2
88.99.93.80	2a01:4f8:10a:1d8f::2
198.245.51.20	2607:5300:60:614::1
178.128.206.59	2a03:b0c0:3:e0::31:a001
207.180.217.42	2a02:c207:2022:9406::1
46.105.125.196	2001:41d0:2:ecc4::1
116.202.131.95	2a01:4f8:231:4ae0::2
173.249.30.201	2a02:c207:3002:5433::1
185.163.44.36	2001:67c:2db8:6::36
85.10.206.14	2a01:4f8:a0:410b::2
91.121.181.140	2001:41d0:1:f68c::1
217.182.201.204	2001:41d0:602:4cc::
37.143.9.107	2a03:c980:db:47::
91.121.110.184	2001:41d0:1:a5b8::1
79.136.30.33	2001:470:28:3d5::164
172.104.173.214	2400:8901::f03c:92ff:fe4f:cb8b
5.9.87.242	2a01:4f8:162:1228::2
5.9.113.114	2a01:4f8:162:5464::2
94.23.51.183	2001:41d0:2:34b7::1
151.106.40.217	2001:41d0:700:45d9::
46.4.225.212	2a01:4f8:231:281f::2
95.216.36.231	2a01:4f9:2a:2518::2
54.39.50.172	2607:5300:203:2fac::
64.225.56.47	2604:a880:800:c1::424:f001
5.196.75.231	2001:41d0:e:9e7::1
158.69.116.169	2607:5300:60:85a9::
116.202.13.16	2a01:4f8:c17:7d81::1
51.81.56.15	2604:2dc0:100:240f::1
195.56.63.4	2002:c338:3f04::c338:3f04
116.202.237.37	2a01:4f8:241:4fda::2
79.98.30.37	2a02:7b40:4f62:1e25::1
5.188.33.194	2a03:90c0:2c6::b8
173.249.46.22	2a02:c207:2020:1658::1
5.135.160.228	2001:41d0:8:e3e4::1
5.9.82.162	2a01:4f8:162:1cc::2
52.197.5.152	2a0b:dbc1:2:8194:62:6974:636f:696e
95.216.165.43	2a01:4f9:c010:9045::1
195.201.95.119	2a01:4f8:c2c:f199::1
5.9.16.75	2a01:4f8:160:904e::2
195.201.95.251	2a01:4f8:c2c:f344::1
93.225.176.180	2003:db:ef42:5c00::f00d:babe
178.63.98.228	2a01:4f8:121:44a5::2
5.189.136.127	2a02:c207:3001:8587::1
185.5.55.45	2a02:7b40:b905:372d::1
207.180.244.165	2a02:c207:2022:4865::1
88.198.16.108	2a01:4f8:222:3059::2
148.251.178.72	2a01:4f8:211:4c4::2
144.76.62.12	2a01:4f8:191:710b::2
78.46.189.199	2a01:4f8:190:64c6::2
176.9.84.152	2a01:4f8:151:2269::2
195.154.164.243	2001:bc8:399f:f000::1
5.9.105.49	2a01:4f8:162:4116::2
5.9.8.28	2a01:4f8:160:7365::2
37.187.109.60	2001:41d0:a:623c::1
46.4.68.112	2a01:4f8:140:305e::2
192.3.185.210	2002:c003:b9d2::c003:b9d2
144.76.15.240	2a01:4f8:191:2b3::2
172.105.182.146	2400:8907::f03c:92ff:fea7:e733
66.240.237.155	2002:42f0:ed9b::42f0:ed9b
66.240.237.155	2002:42f0:edac::42f0:edac
66.240.237.155	2002:42f0:edb4::42f0:edb4
95.217.201.184	2a01:4f9:4a:4487::2
85.14.79.26	2a00:13a0:3015:1:85:14:79:26
88.198.92.47	2a01:4f8:190:546e::2
178.62.213.120	2a03:b0c0:2:d0::370:2001
95.217.10.7	2a01:4f9:c010:59e7::1
144.76.12.6	2a01:4f8:190:9005::2
198.27.83.210	2607:5300:60:24d2::42:5443
144.76.107.242	2a01:4f8:192:52f1::2
144.76.200.114	2a01:4f8:200:8171::2
207.180.251.11	2a02:c207:3003:3204::1
5.9.110.254	2a01:4f8:162:51e7::2
148.251.75.60	2a01:4f8:202:4017::2
178.63.2.220	2a0b:dbc1:2:8194:62:6974:636f:696e
45.63.59.8	2001:19f0:6000:9008:5400:ff:fe1b:164b
213.252.247.233	2a04:2180:0:1::40b:5610
176.9.47.70	2a01:4f8:150:6349::2
176.9.104.69	2a01:4f8:151:5149::2
76.10.157.54	2607:f2c0:f00e:300::54
95.217.187.64	2a01:4f9:c010:9a7a::1
5.188.62.24	2002:5bc:3e18::5bc:3e18
144.76.71.116	2a01:4f8:191:8473::2
135.181.113.112	2a01:4f9:4b:194f::2
168.119.160.212	2a01:4f8:c0c:3fd4::1
5.9.13.37	2a01:4f8:160:832e::2
5.9.110.50	2a01:4f8:162:512a::2
46.4.69.86	2a01:4f8:140:3144::2
78.46.75.10	2a01:4f8:120:4236::2
45.79.197.163	2600:3c02::f03c:92ff:feb3:89d2
62.205.132.245	2a01:d0:0:313::1
145.239.9.3	2001:41d0:203:1703::
54.37.81.191	2001:41d0:203:22bf::
5.9.138.24	2a01:4f8:190:11d7::2
51.68.152.18	2001:41d0:602:1d12::
5.9.154.231	2a01:4f8:190:42e6::2
78.46.17.17	2a01:4f8:201:208b::2
5.9.19.167	2a01:4f8:160:93a7::2
136.144.244.211	2a01:7c8:d006:e2:5054:ff:fe49:1869
145.239.133.16	2001:41d0:602:910::
149.210.189.102	2a01:7c8:aab5:3e6:5054:ff:fed7:4e54
136.243.139.3	2a01:4f8:212:3ac1::2
136.243.89.196	2a01:4f8:171:1c3::2
80.241.209.102	2a02:c205:2021:4216::1
144.76.91.109	2a01:4f8:192:216c::2
85.10.199.220	2a01:4f8:a0:53a8::2
81.7.16.182	2a02:180:1:1::517:10b6
95.216.21.47	2a01:4f9:2a:1550::2
144.76.156.185	2a01:4f8:200:24bb::2
188.165.244.143	2001:41d0:2:bf8f::
116.202.161.56	2a01:4f8:241:147::1
83.162.240.14	2001:982:27f2:1:7271:bcff:fe94:d5bb
199.15.250.210	2001:470:7:b74::2
69.59.18.22	2620:6e:a000:1:42:42:42:42
2.56.99.239	2a03:4000:3e:28f:a4df:65ff:fe0f:a52d
208.167.245.245	2001:19f0:5:35ed:5400:2ff:fe98:a318
51.91.66.27	2001:41d0:303:c31b::
5.9.59.154	2a01:4f8:161:60a2::2
5.9.14.68	2a01:4f8:160:8442::2
94.130.89.38	2a01:4f8:10b:3699::2
95.217.145.249	2a01:4f9:4a:4e46::2
95.211.138.110	2002:5fd3:8a6e::5fd3:8a6e
176.9.63.240	2a01:4f8:150:81d4::2
144.76.28.180	2a01:4f8:191:14b3::2
5.189.149.2	2a02:c207:3005:1280::1
46.4.103.105	2a01:4f8:140:94ab::2
144.76.81.185	2a01:4f8:192:369::2
176.31.255.164	2001:41d0:8:10a4::1
144.76.76.109	2a01:4f8:191:946c::2
69.59.19.22	2620:6e:a008:1:42:42:42:42
5.9.247.73	2a01:4f8:160:5263::ba1d:e39f
49.12.83.44	2a01:4f8:241:1f90::2
5.9.44.82	2a01:4f8:161:3354::2
148.251.69.164	2a01:4f8:202:33a3::2
144.76.16.52	2a01:4f8:191:333::2
144.217.240.89	2607:5300:201:3100::3b74
62.251.54.163	2001:985:55a0:1::2
165.227.69.151	2604:a880:800:a1::cbb:f001
85.10.206.179	2a01:4f8:a0:41f6::2
37.59.50.14	2001:41d0:8:6d0e::1
62.251.102.242	2001:985:c397:1:eea8:6bff:feae:cd0b
194.158.216.104	2a02:220f:2000:2300::1
23.238.48.248	2607:5501:3000:2056::2
136.243.60.74	2a01:4f8:212:1b49::2
93.190.138.3	2002:5dbe:8a03::5dbe:8a03
37.187.122.82	2001:41d0:a:f352::1
99.29.112.187	2600:1700:6b0:d200::ff
194.5.159.197	2a02:4780:8:6:2:354e:1256:7a04
46.4.71.70	2a01:4f8:140:3254::2
23.95.102.146	2002:175f:6692::175f:6692
89.163.224.187	2001:4ba0:ffec:b9::1
144.76.44.114	2a01:4f8:191:5071::2
188.165.240.181	2001:41d0:2:bbb5::
89.238.77.110	2a00:1828:a004:2::666
176.223.139.243	2a02:7b40:b0df:8bf3::1
54.36.104.14	2001:41d0:203:180e::
88.198.38.185	2a01:4f8:a0:14ec::2
78.47.110.223	2a01:4f8:c0c:5b3e::1
88.198.40.175	2a01:4f8:a0:2363::2
5.135.156.68	2001:41d0:8:d644::1
172.104.92.108	2400:8902::f03c:92ff:feb3:8990
85.195.92.173	2a01:7a0:2:1a28:a170:a672:60be:e95b
135.181.134.40	2a01:4f9:4b:2517::2
159.69.85.172	2a01:4f8:c2c:5011::1
168.119.169.250	2a01:4f8:c2c:de33::1
159.69.72.58	2a01:4f8:231:1705::2
51.75.55.212	2001:41d0:602:25d4::
217.23.3.251	2a0b:dbc1:2:8194:62:6974:636f:696e
217.23.3.251	2a00:7c80:0:4e:b7c0::2001
195.56.63.10	2002:c338:3f0a::c338:3f0a
5.9.66.111	2a01:4f8:161:716e::2
88.99.186.16	2a01:4f8:c0c:1aa5::1
51.38.58.134	2001:41d0:303:6586::
95.217.105.108	2a01:4f9:4a:26d3::2
204.15.11.35	2620:11c:5001:2199:d267:e5ff:fee9:e673
5.196.88.214	2001:41d0:a:fbd6::1
157.230.36.200	2400:6180:0:d1::673:8001
88.99.38.113	2a01:4f8:c17:96bf::1
193.196.37.62	2001:7c0:2310:0:f816:3eff:fe6c:4f58
51.77.152.209	2001:41d0:203:45d1::
198.100.148.81	2607:5300:60:b51::1
46.4.97.19	2a01:4f8:140:832d::2
195.201.135.5	2a01:4f8:1c1c:f0b::1
144.76.9.243	2a01:4f8:190:84ed::2
51.68.36.57	2001:41d0:203:3739::
75.182.136.95	2606:a000:9fc0:6:3553:4507:7b48:6396
170.75.162.97	2602:ffb6:4:c094:f816:3eff:fec0:31ef
193.168.147.25	2a07:abc4::1:946
148.251.22.209	2a01:4f8:201:83d0::2
176.9.101.91	2a01:4f8:151:4372::2
212.227.253.11	2001:8d8:939:1900::77:9e09
54.36.62.114	2001:41d0:303:3e72::
176.9.51.122	2a01:4f8:150:7149::2
88.198.46.36	2a01:4f8:221:3f4d::2
176.9.86.219	2a01:4f8:151:24d6::2
176.9.42.253	2a01:4f8:150:53c6::2
5.135.176.208	2001:41d0:8:b7d0::1
95.217.62.121	2a01:4f9:4a:1646::2
144.76.138.23	2a01:4f8:200:1216::2
185.95.219.53	2a05:fc87:1:6::2
185.95.219.53	2a05:fc87:4::2
144.76.119.226	2a01:4f8:192:74e1::2
91.121.70.43	2001:41d0:1:792b::1
195.201.217.17	2a01:4f8:c2c:df18::1
5.9.99.120	2a01:4f8:162:314a::2
5.9.87.210	2a01:4f8:162:11e5::2
78.46.75.75	2a01:4f8:120:427e::2
144.76.102.2	2a01:4f8:192:4212::2
31.43.140.190	2002:1f2b:8cbe::1f2b:8cbe
79.137.69.162	2001:41d0:602:1a2::
213.32.25.91	2001:41d0:1004:395b::
198.200.43.215	2002:c6c8:2bd7::c6c8:2bd7
54.38.177.230	2001:41d0:303:5ee6::
144.76.13.207	2a01:4f8:190:91ce::2
206.125.169.164	2607:f2f8:ad40:bc1::1
5.9.83.143	2a01:4f8:162:2c6::2
176.9.76.179	2a01:4f8:151:10b7::2
188.68.45.143	2a03:4000:6:416c::43
176.9.86.53	2a01:4f8:151:2405::2
85.114.132.48	2001:4ba0:fff4:26::1
51.15.21.149	2001:bc8:6010:207:c4d6:4ef9:2faa:e13f
135.181.136.105	2a01:4f9:3a:1056::2
95.216.28.153	2a01:4f9:2a:1ce6::2
78.46.128.195	2a01:4f8:160:5274::2
82.64.89.125	2a01:e0a:df:b9a0:b62e:99ff:fece:1395
192.3.11.20	2001:470:88ff:2e::1
37.187.127.114	2001:41d0:a:f872::1
173.249.42.183	2a02:c207:2019:7206::1
144.76.3.71	2a01:4f8:190:7346::2
95.216.11.57	2a01:4f9:2a:b46::2
5.9.79.150	2a01:4f8:161:9289::2
5.9.118.158	2a01:4f8:162:63a2::2
173.249.2.204	2a02:c207:2025:7280::1
195.216.214.27	2a02:e5e:1:10::27
95.217.34.169	2a01:4f9:2b:2cd6::2
92.118.149.91	2a0a:8c41::b4
138.201.19.159	2a01:4f8:171:2a9e::2
51.83.67.9	2001:41d0:303:a309::
91.121.81.55	2001:41d0:1:8637::1
161.97.67.106	2a02:c207:3006:3185::1
94.130.220.87	2a01:4f8:13b:17e5::2
82.228.6.131	2a01:e35:2e40:6830:211:32ff:fea6:de3d
24.134.6.165	2a02:8106:228:ef00::1
85.17.131.134	2002:5511:8386::5511:8386
178.63.69.252	2a01:4f8:121:200d::2
95.216.9.240	2a01:4f9:2a:a0f::2
168.119.122.55	2a01:4f8:c2c:c36d::1
176.9.123.172	2a01:4f8:151:82a7::2
198.74.58.104	2600:3c03::f03c:92ff:fea7:e709
176.9.125.79	2a01:4f8:151:844b::2
80.82.77.138	2002:5052:4d8a::5052:4d8a
79.98.31.253	2a02:7b40:4f62:1ffd::1
5.9.49.114	2a01:4f8:161:4162::2
147.135.252.43	2001:41d0:303:2b2b::
51.159.56.35	2001:bc8:1200:0:dac4:97ff:fe2a:3554
206.252.192.12	2001:458:20:100::6
5.9.37.73	2a01:4f8:161:214e::2
94.130.162.107	2a01:4f8:13b:29d4::2
212.227.39.1	2001:8d8:96a:9300::ad:ae2c
45.129.180.214	2a03:4000:47:f1::1
37.59.56.51	2001:41d0:8:7333::
51.91.80.232	2001:41d0:403:34e8::
5.39.70.222	2001:41d0:8:88de::
79.124.7.253	2a01:8740:1:ffc5::8c6a
178.32.167.73	2001:41d0:a:58d1::11d8:8515
193.37.152.138	2a02:c205:2018:8229::1
5.9.63.8	2a01:4f8:161:6411::2
195.135.194.8	2001:678:7dc:8::2
160.16.0.30	2001:e42:103:100::30
176.9.106.115	2a01:4f8:151:5375::2
198.50.196.140	2607:5300:60:4b14:198:50:196:140
173.212.209.175	2a02:c207:3001:9320::1
159.69.57.170	2a01:4f8:231:915::2
116.202.227.86	2a01:4f8:241:46df::2
163.172.142.149	2001:bc8:4400:2b00::1c:b05
37.187.117.39	2001:41d0:a:6a27::1
136.144.230.61	2a01:7c8:d005:240:5054:ff:fe0a:2f76
46.4.92.21	2a01:4f8:141:47::2
85.190.0.5	2001:1bc0:cc::a001
145.239.144.32	2001:41d0:403:c20::
173.212.220.9	2a02:c207:2016:2394::1
5.9.66.189	2a01:4f8:161:71a5::2
5.102.168.217	2a00:1c10:2:709::217
5.8.18.31	2002:508:121f::508:121f
51.15.138.91	2001:bc8:608:641::1
51.255.85.180	2001:41d0:1004:19b4::
144.76.1.155	2a01:4f8:190:71af::2
5.9.88.71	2a01:4f8:162:128e::2
116.203.152.66	2a01:4f8:c0c:fcdd::1
194.135.80.231	2a02:7b40:c287:50e7::1
50.2.190.18	2607:ff28:800f:97:225:90ff:fe75:1110
46.4.121.87	2a01:4f8:141:224b::2
176.31.224.214	2001:41d0:2:f1d6::
54.38.178.205	2001:41d0:303:5fcd::
78.47.142.206	2a01:4f8:c2c:5a1d::1
188.165.250.115	2001:41d0:2:c573::
185.238.128.48	2a10:3781:2f::1
82.67.247.11	2a01:e35:243f:70b0:1e1b:dff:fe0b:236d
78.46.140.12	2a01:4f8:c17:a8b3::1
91.121.116.107	2001:41d0:1:ab6b::1
213.133.100.200	2a01:4f8:a0:910b::2
144.76.93.214	2a01:4f8:192:23d5::2
5.135.140.215	2001:41d0:8:cdd7::
46.4.49.216	2a01:4f8:140:10bf::2
161.97.66.114	2a02:c207:3006:5522::1
54.39.18.49	2607:5300:203:2931::
151.80.19.210	2001:41d0:c:ad2::
195.214.214.253	2a01:d0:0:313::1
95.217.41.248	2a01:4f9:2a:2e46::2
185.216.179.80	2a03:4000:4f:e15:5821:bfff:fe87:8a37
213.239.197.44	2a01:4f8:222:1401::2
80.241.217.54	2a02:c205:2015:2475::1
159.69.85.209	2a01:4f8:1c1c:3bfa::1
131.188.43.61	2001:638:a000:b101::2b3d
5.9.105.53	2a01:4f8:162:4102::2
46.4.116.12	2a01:4f8:141:1410::2
147.135.39.240	2604:2dc0:200:3f0::
185.215.227.56	2a0b:ae40:3:4a0a::15
85.10.199.61	2a01:4f8:a0:52cb::2
185.56.81.8	2002:b938:5108::b938:5108
193.164.140.88	2001:678:cc8::1:10:88
148.251.127.121	2a01:4f8:210:224b::2
185.8.236.170	2a02:2b88:2:1::5b29:1
116.202.130.141	2a01:4f8:231:4a16::2
144.76.39.233	2a01:4f8:191:40e8::2
167.86.81.74	2a02:c207:2024:6115::1
116.202.226.159	2a01:4f8:241:5a20::2
45.76.125.1	2001:19f0:5801:a08:5400:2ff:fe41:b5f2
213.168.187.27	2a02:13b8:f001::27
51.38.40.76	2001:41d0:303:674c::
195.56.63.5	2002:c338:3f0a::c338:3f0a
88.99.187.210	2a01:4f8:c0c:bd7::2
51.195.4.41	2001:41d0:700:3a29::
91.121.133.13	2001:41d0:1:b40d::1
51.195.6.99	2001:41d0:700:3d63::
78.108.102.8	2a01:490:16:301::2
5.8.18.27	2002:508:121b::508:121b
45.207.58.113	2002:2dcf:3a71::2dcf:3a71
95.217.10.167	2a01:4f9:c010:5a67::1
144.76.38.184	2a01:4f8:191:3484::2
